id,email
1,jhardin@att.net
2,gemmell@gmail.com
3,gtaylor@outlook.com
4,corrada@att.net
5,eegsa@outlook.com
6,jandrese@yahoo.com
7,claesjac@gmail.com
8,philen@aol.com
9,mnemonic@yahoo.ca
10,bescoto@sbcglobal.net
11,pmint@icloud.com
12,nullchar@comcast.net
13,matthijs@att.net
14,rjones@sbcglobal.net
15,cisugrad@yahoo.ca
16,andale@yahoo.com
17,benits@att.net
18,hedwig@att.net
19,codex@comcast.net
20,intlprog@mac.com
21,gator@live.com
22,burns@icloud.com
23,jlbaumga@aol.com
24,alias@sbcglobal.net
25,wsnyder@msn.com
26,shrapnull@verizon.net
27,atmarks@hotmail.com
28,jeffcovey@msn.com
29,drezet@comcast.net
30,codex@icloud.com
31,gerlo@yahoo.com
32,joehall@hotmail.com
33,meder@yahoo.ca
34,claesjac@comcast.net
35,heine@yahoo.com
36,barlow@sbcglobal.net
37,ebassi@yahoo.ca
38,ganter@mac.com
39,rbarreira@live.com
40,jbailie@me.com
41,aegreene@att.net
42,kenja@sbcglobal.net
43,mcraigw@mac.com
44,keijser@comcast.net
45,okroeger@att.net
46,lukka@aol.com
47,damian@comcast.net
48,gboss@att.net
49,oneiros@me.com
50,jmcnamara@icloud.com
51,sherzodr@hotmail.com
52,pedwards@gmail.com
53,smartfart@verizon.net
54,bcevc@gmail.com
55,carcus@mac.com
56,sravani@yahoo.ca
57,ubergeeb@outlook.com
58,geoffr@comcast.net
59,malvar@hotmail.com
60,fatelk@live.com
61,tbmaddux@mac.com
62,amimojo@att.net
63,mccurley@hotmail.com
64,moxfulder@live.com
65,martyloo@att.net
66,hllam@icloud.com
67,ahmad@verizon.net
68,twoflower@icloud.com
69,mcraigw@verizon.net
70,gslondon@hotmail.com
71,aibrahim@hotmail.com
72,kohlis@comcast.net
73,parasite@outlook.com
74,draper@gmail.com
75,quantaman@me.com
76,drezet@yahoo.com
77,pappp@aol.com
78,parsimony@sbcglobal.net
79,sabren@sbcglobal.net
80,pemungkah@hotmail.com
81,mpiotr@me.com
82,uncled@optonline.net
83,warrior@mac.com
84,kaiser@sbcglobal.net
85,teverett@yahoo.ca
86,intlprog@gmail.com
87,microfab@mac.com
88,jhardin@att.net
89,wilsonpm@live.com
90,bmcmahon@mac.com
91,wsnyder@hotmail.com
92,jbailie@live.com
93,aracne@yahoo.com
94,lstaf@yahoo.ca
95,grinder@me.com
96,bcevc@comcast.net
97,gastown@icloud.com
98,benanov@optonline.net
99,reeds@verizon.net
100,errxn@verizon.net
101,okroeger@icloud.com
102,rande@gmail.com
103,jonas@hotmail.com
104,koudas@msn.com
105,kaiser@msn.com
106,vlefevre@verizon.net
107,bigmauler@outlook.com
108,boftx@gmail.com
109,dpitts@gmail.com
110,mcmillan@optonline.net
111,arathi@outlook.com
112,jusdisgi@att.net
113,mirod@att.net
114,stakasa@outlook.com
115,kalpol@msn.com
116,harryh@icloud.com
117,ghaviv@yahoo.com
118,pontipak@sbcglobal.net
119,danzigism@att.net
120,ovprit@hotmail.com
121,pierce@gmail.com
122,fglock@gmail.com
123,crusader@outlook.com
124,josephw@outlook.com
125,cgcra@yahoo.ca
126,carroll@verizon.net
127,sonnen@comcast.net
128,violinhi@me.com
129,ribet@hotmail.com
130,padme@yahoo.com
131,reziac@live.com
132,adhere@att.net
133,wayward@optonline.net
134,kalpol@comcast.net
135,karasik@optonline.net
136,bebing@att.net
137,miami@optonline.net
138,murdocj@msn.com
139,empathy@verizon.net
140,esbeck@msn.com
141,godeke@hotmail.com
142,vganesh@yahoo.com
143,carcus@sbcglobal.net
144,monkeydo@yahoo.ca
145,saridder@mac.com
146,earmstro@mac.com
147,report@outlook.com
148,moonlapse@hotmail.com
149,campbell@yahoo.com
150,mbswan@me.com
151,kdawson@hotmail.com
152,madler@gmail.com
153,slanglois@mac.com
154,burniske@msn.com
155,wenzlaff@comcast.net
156,cgarcia@outlook.com
157,pajas@yahoo.ca
158,meder@yahoo.com
159,bflong@me.com
160,mastinfo@outlook.com
161,carcus@me.com
162,curly@att.net
163,lushe@sbcglobal.net
164,magusnet@aol.com
165,bancboy@sbcglobal.net
166,crobles@yahoo.ca
167,heckerman@optonline.net
168,mosses@msn.com
169,weazelman@att.net
170,jbryan@live.com
171,empathy@live.com
172,ntegrity@outlook.com
173,torgox@verizon.net
174,akoblin@msn.com
175,ilial@sbcglobal.net
176,stern@aol.com
177,qmacro@outlook.com
178,noodles@yahoo.ca
179,william@icloud.com
180,juliano@hotmail.com
181,hyper@yahoo.com
182,drjlaw@me.com
183,manuals@optonline.net
184,pierce@icloud.com
185,osaru@aol.com
186,koudas@yahoo.ca
187,wagnerch@hotmail.com
188,preneel@gmail.com
189,trygstad@live.com
190,mcast@me.com
191,gospodin@optonline.net
192,lauronen@comcast.net
193,cgreuter@icloud.com
194,stinson@verizon.net
195,dunstan@att.net
196,laird@hotmail.com
197,jdray@optonline.net
198,mallanmba@yahoo.ca
199,ilial@gmail.com
200,lushe@msn.com
201,nichoj@comcast.net
202,dmiller@yahoo.ca
203,dinther@att.net
204,leviathan@outlook.com
205,gslondon@verizon.net
206,scottzed@live.com
207,breegster@live.com
208,moxfulder@sbcglobal.net
209,timlinux@gmail.com
210,damian@sbcglobal.net
211,pplinux@sbcglobal.net
212,citizenl@yahoo.ca
213,kwilliams@verizon.net
214,thaljef@optonline.net
215,subir@outlook.com
216,jtorkbob@live.com
217,killmenow@comcast.net
218,weazelman@att.net
219,trieuvan@sbcglobal.net
220,breegster@optonline.net
221,improv@mac.com
222,jdhedden@yahoo.com
223,tarreau@me.com
224,wbarker@me.com
225,gfxguy@yahoo.com
226,gomor@att.net
227,goresky@hotmail.com
228,scarlet@mac.com
229,duncand@att.net
230,alfred@live.com
231,naoya@gmail.com
232,credmond@hotmail.com
233,meder@yahoo.com
234,bebing@sbcglobal.net
235,speeves@mac.com
236,ilial@live.com
237,dobey@yahoo.ca
238,lahvak@me.com
239,yamla@hotmail.com
240,heine@me.com
241,sburke@msn.com
242,notaprguy@verizon.net
243,kmiller@outlook.com
244,ingolfke@sbcglobal.net
245,ngedmond@mac.com
246,balchen@mac.com
247,kspiteri@msn.com
248,gumpish@aol.com
249,jyoliver@gmail.com
250,caronni@optonline.net
251,erynf@comcast.net
252,hellfire@outlook.com
253,demmel@verizon.net
254,darin@comcast.net
255,pereinar@msn.com
256,carreras@aol.com
257,bmcmahon@verizon.net
258,bartlett@live.com
259,forsberg@yahoo.com
260,mmccool@verizon.net
261,biglou@live.com
262,horrocks@msn.com
263,phyruxus@msn.com
264,mailarc@outlook.com
265,calin@me.com
266,enintend@verizon.net
267,sinclair@hotmail.com
268,bigmauler@att.net
269,syncnine@sbcglobal.net
270,staikos@aol.com
271,firstpr@live.com
272,lstein@att.net
273,malattia@mac.com
274,engelen@gmail.com
275,njpayne@aol.com
276,rgarcia@icloud.com
277,sokol@live.com
278,jadavis@att.net
279,mcraigw@msn.com
280,makarow@optonline.net
281,rnewman@comcast.net
282,skajan@yahoo.ca
283,fluffy@hotmail.com
284,whimsy@mac.com
285,benanov@att.net
286,erynf@comcast.net
287,geoffr@comcast.net
288,padme@verizon.net
289,sherzodr@yahoo.com
290,konst@sbcglobal.net
291,eminence@yahoo.com
292,carmena@icloud.com
293,singer@outlook.com
294,kiddailey@optonline.net
295,murdocj@sbcglobal.net
296,eimear@me.com
297,mirod@hotmail.com
298,fudrucker@optonline.net
299,noneme@att.net
300,schumer@att.net
301,vmalik@icloud.com
302,anicolao@optonline.net
303,mddallara@gmail.com
304,carreras@yahoo.ca
305,rcwil@msn.com
306,devphil@yahoo.com
307,bryanw@optonline.net
308,tbusch@me.com
309,stevelim@aol.com
310,fudrucker@hotmail.com
311,cgreuter@msn.com
312,gumpish@aol.com
313,stern@aol.com
314,carcus@msn.com
315,ajohnson@gmail.com
316,lbecchi@optonline.net
317,gemmell@outlook.com
318,cisugrad@mac.com
319,jipsen@att.net
320,kayvonf@optonline.net
321,isotopian@live.com
322,kenja@me.com
323,kalpol@hotmail.com
324,johndo@outlook.com
325,ebassi@mac.com
326,mchugh@yahoo.ca
327,howler@me.com
328,malattia@aol.com
329,british@optonline.net
330,matloff@hotmail.com
331,mallanmba@hotmail.com
332,hwestiii@yahoo.com
333,afeldspar@gmail.com
334,mcrawfor@att.net
335,rnewman@icloud.com
336,joelw@sbcglobal.net
337,bader@yahoo.com
338,hedwig@comcast.net
339,bcevc@optonline.net
340,andale@outlook.com
341,rgarton@mac.com
342,shaffei@msn.com
343,stakasa@msn.com
344,gslondon@optonline.net
345,petersko@msn.com
346,gordonjcp@sbcglobal.net
347,ideguy@msn.com
348,chinthaka@yahoo.ca
349,gravyface@hotmail.com
350,mwilson@att.net
351,punkis@mac.com
352,sokol@att.net
353,padme@comcast.net
354,chrisj@live.com
355,quinn@yahoo.ca
356,killmenow@hotmail.com
357,pgottsch@live.com
358,kudra@outlook.com
359,imightb@comcast.net
360,elflord@live.com
361,errxn@gmail.com
362,sagal@att.net
363,skippy@sbcglobal.net
364,pakaste@me.com
365,catalog@icloud.com
366,malattia@mac.com
367,rande@icloud.com
368,sinkou@me.com
369,comdig@comcast.net
370,bflong@yahoo.com
371,zeitlin@aol.com
372,dimensio@outlook.com
373,grady@yahoo.ca
374,ribet@comcast.net
375,scottzed@gmail.com
376,skippy@gmail.com
377,gomor@aol.com
378,ribet@gmail.com
379,loscar@mac.com
380,jsnover@yahoo.com
381,maikelnai@aol.com
382,amimojo@verizon.net
383,haddawy@icloud.com
384,marcs@mac.com
385,gozer@gmail.com
386,wojciech@hotmail.com
387,gavollink@icloud.com
388,bahwi@att.net
389,greear@mac.com
390,wilsonpm@me.com
391,vmalik@sbcglobal.net
392,yfreund@sbcglobal.net
393,camenisch@gmail.com
394,burniske@yahoo.com
395,epeeist@me.com
396,retoh@sbcglobal.net
397,mavilar@sbcglobal.net
398,animats@icloud.com
399,jorgb@verizon.net
400,jkegl@att.net
401,louise@yahoo.com
402,fwitness@hotmail.com
403,dcoppit@yahoo.com
404,rgarcia@mac.com
405,mobileip@gmail.com
406,fairbank@live.com
407,rtanter@yahoo.ca
408,pappp@comcast.net
409,mrobshaw@aol.com
410,crypt@hotmail.com
411,kildjean@yahoo.com
412,thaljef@me.com
413,fairbank@msn.com
414,sherzodr@icloud.com
415,emcleod@optonline.net
416,jesse@yahoo.ca
417,kostas@yahoo.com
418,duncand@outlook.com
419,miltchev@mac.com
420,jespley@gmail.com
421,crusader@verizon.net
422,ccohen@outlook.com
423,eabrown@yahoo.ca
424,jgmyers@outlook.com
425,sinkou@icloud.com
426,jespley@live.com
427,johndo@aol.com
428,rbarreira@aol.com
429,rgarcia@outlook.com
430,bmcmahon@verizon.net
431,rasca@mac.com
432,wojciech@hotmail.com
433,kevinm@yahoo.ca
434,wikinerd@comcast.net
435,sbmrjbr@outlook.com
436,mastinfo@me.com
437,schumer@me.com
438,niknejad@aol.com
439,kosact@me.com
440,khris@msn.com
441,killmenow@optonline.net
442,imightb@aol.com
443,rfoley@gmail.com
444,samavati@yahoo.com
445,qrczak@comcast.net
446,johnh@gmail.com
447,delpino@yahoo.com
448,dwendlan@verizon.net
449,breegster@optonline.net
450,frode@msn.com
451,scottlee@icloud.com
452,tlinden@mac.com
453,cgcra@comcast.net
454,jguyer@yahoo.com
455,tromey@yahoo.ca
456,attwood@verizon.net
457,kwilliams@live.com
458,dkasak@hotmail.com
459,amimojo@comcast.net
460,fatelk@att.net
461,rtanter@live.com
462,tkrotchko@yahoo.ca
463,gumpish@gmail.com
464,paina@mac.com
465,overbom@optonline.net
466,donev@aol.com
467,makarow@yahoo.com
468,singer@yahoo.ca
469,harryh@outlook.com
470,staikos@icloud.com
471,mdielmann@mac.com
472,sharon@verizon.net
473,tbusch@outlook.com
474,kspiteri@live.com
475,carmena@yahoo.com
476,nachbaur@icloud.com
477,xtang@live.com
478,conteb@outlook.com
479,speeves@yahoo.com
480,uqmcolyv@yahoo.com
481,kronvold@att.net
482,mschilli@me.com
483,sinclair@live.com
484,johnbob@yahoo.com
485,anicolao@live.com
486,aglassis@att.net
487,wildfire@outlook.com
488,mailarc@optonline.net
489,bonmots@verizon.net
490,malattia@mac.com
491,speeves@comcast.net
492,devphil@verizon.net
493,martyloo@hotmail.com
494,vmalik@me.com
495,arathi@optonline.net
496,jusdisgi@msn.com
497,jmorris@live.com
498,juliano@verizon.net
499,pspoole@live.com
500,dieman@msn.com
